Giornata,SetGioc.,PUNTI_Tot,PUNTI_Vin,PUNTI_BP,BATTUTA_Tot,BATTUTA_Ace,BATTUTA_Err.,BATTUTA_AceperSet,BATTUTA_Effic.,RICEZIONE_Tot,RICEZIONE_Err.,RICEZIONE_Neg.,RICEZIONE_Prf.,RICEZIONE_Prf..,RICEZIONE_Effic.,ATTACCO_Tot,ATTACCO_Err.,ATTACCO_Murati,ATTACCO_Prf.,ATTACCO_Prf..,ATTACCO_Effic.,MURO_Prf.,MURO_PuntiperSet,team,risultato,vit,cum
Andata_1,3,42,29,13,62,4,9,1.33,-0.08,64,8,14,19,29.7,0.17,80,4,13,32,40,0.35,6,2,Top Volley Latina,0,0,0
Andata_2,5,84,55,29,114,4,16,0.8,-0.11,99,7,31,23,23.2,0.16,131,9,11,64,48.9,0.42,16,3.2,Top Volley Latina,2,0,0
Andata_3,4,58,42,16,87,4,18,1,-0.16,77,12,23,18,23.4,0.08,93,7,8,46,49.5,0.42,8,2,Top Volley Latina,1,0,0
Andata_4,3,32,26,6,54,2,14,0.67,-0.22,61,7,24,20,32.8,0.21,65,8,6,25,38.5,0.26,5,1.67,Top Volley Latina,0,0,0
Andata_5,3,39,30,9,62,2,12,0.67,-0.16,63,13,20,13,20.6,NA,71,4,7,32,45.1,0.39,5,1.67,Top Volley Latina,0,0,0
Andata_6,3,47,34,13,65,3,10,1,-0.11,64,7,29,18,28.1,0.17,91,6,5,40,44,0.37,4,1.33,Top Volley Latina,0,0,0
Andata_7,4,69,45,24,98,5,14,1.25,-0.09,66,5,25,15,22.7,0.15,90,3,5,56,62.2,0.59,8,2,Top Volley Latina,3,1,1
Andata_8,4,74,48,26,102,6,12,1.5,-0.06,84,10,33,36,42.9,0.31,100,6,13,50,50,0.44,18,4.5,Top Volley Latina,1,0,1
Andata_9,5,74,49,25,113,5,15,1,-0.09,94,5,42,24,25.5,0.2,126,14,10,60,47.6,0.37,9,1.8,Top Volley Latina,3,1,2
Andata_10,5,73,46,27,104,8,12,1.6,-0.04,90,9,34,23,25.6,0.16,125,13,14,56,44.8,0.34,9,1.8,Top Volley Latina,2,0,2
Andata_11,3,36,29,7,59,1,16,0.33,-0.25,59,4,19,17,28.8,0.22,74,8,8,31,41.9,0.31,4,1.33,Top Volley Latina,0,0,2
Andata_12,5,66,48,18,108,3,13,0.6,-0.09,73,3,41,14,19.2,0.15,111,7,11,53,47.7,0.41,10,2,Top Volley Latina,3,1,3
Andata_13,5,82,60,22,112,6,16,1.2,-0.09,95,4,42,20,21.1,0.17,133,13,9,66,49.6,0.4,10,2,Top Volley Latina,3,1,4
Ritorno_1,4,72,49,23,104,3,18,0.75,-0.14,86,5,46,24,27.9,0.22,117,13,9,56,47.9,0.37,13,3.25,Top Volley Latina,1,0,4
Ritorno_2,4,67,41,26,100,4,11,1,-0.07,84,9,34,26,31,0.2,112,10,14,51,45.5,0.37,12,3,Top Volley Latina,3,1,5
Ritorno_3,3,30,26,4,46,1,9,0.33,-0.17,62,8,24,11,17.7,0.05,63,5,7,27,42.9,0.35,2,0.67,Top Volley Latina,0,0,5
Ritorno_4,3,39,28,11,62,3,11,1,-0.13,58,8,24,13,22.4,0.09,65,6,8,25,38.5,0.29,11,3.67,Top Volley Latina,0,0,5
Ritorno_5,5,67,45,22,103,5,14,1,-0.09,91,14,33,19,20.9,0.05,116,9,10,48,41.4,0.34,14,2.8,Top Volley Latina,2,0,5
Ritorno_6,3,59,33,26,73,10,7,3.33,0.04,53,3,23,17,32.1,0.26,85,10,2,41,48.2,0.36,8,2.67,Top Volley Latina,3,1,6
Ritorno_7,5,71,54,17,100,1,16,0.2,-0.15,89,8,48,19,21.3,0.12,116,6,9,62,53.4,0.48,8,1.6,Top Volley Latina,2,0,6
Ritorno_8,5,61,44,17,99,2,21,0.4,-0.19,78,6,39,17,21.8,0.14,96,10,10,51,53.1,0.43,8,1.6,Top Volley Latina,2,0,6
Ritorno_9,4,67,37,30,101,7,10,1.75,-0.03,59,4,31,14,23.7,0.17,92,7,8,50,54.3,0.47,10,2.5,Top Volley Latina,3,1,7
Ritorno_10,3,53,29,24,73,2,8,0.67,-0.08,45,5,14,19,42.2,0.31,64,3,8,40,62.5,0.58,11,3.67,Top Volley Latina,3,1,8
Ritorno_11,4,60,43,17,86,3,14,0.75,-0.13,83,13,41,17,20.5,0.05,96,6,10,50,52.1,0.46,7,1.75,Top Volley Latina,1,0,8
Ritorno_12,3,50,29,21,70,2,7,0.67,-0.07,60,11,28,12,20,0.02,75,3,6,43,57.3,0.53,5,1.67,Top Volley Latina,0,0,8
Ritorno_13,4,75,47,28,100,3,12,0.75,-0.09,86,9,34,25,29.1,0.19,108,9,9,58,53.7,0.45,14,3.5,Top Volley Latina,1,0,8
Andata_1,3,59,33,26,73,3,11,1,-0.11,46,4,16,13,28.3,0.2,87,5,5,50,57.5,0.52,6,2,Cucine Lube Civitanova,3,1,1
Andata_2,3,56,33,23,75,5,17,1.67,-0.16,46,5,18,15,32.6,0.22,72,2,3,40,55.6,0.53,11,3.67,Cucine Lube Civitanova,3,1,2
Andata_3,4,69,39,30,95,11,18,2.75,-0.07,69,9,24,23,33.3,0.2,91,5,8,50,54.9,0.49,8,2,Cucine Lube Civitanova,3,1,3
Andata_4,4,72,42,30,95,10,22,2.5,-0.13,61,3,24,22,36.1,0.31,87,4,7,52,59.8,0.55,10,2.5,Cucine Lube Civitanova,3,1,4
Andata_5,3,51,36,15,73,3,20,1,-0.23,48,5,22,13,27.1,0.17,68,5,3,42,61.8,0.54,6,2,Cucine Lube Civitanova,3,1,5
Andata_6,5,67,39,28,101,5,20,1,-0.15,71,8,30,18,25.4,0.14,101,9,8,57,56.4,0.48,5,1,Cucine Lube Civitanova,3,1,6
Andata_7,3,56,28,28,74,6,15,2,-0.12,47,3,14,17,36.2,0.3,82,6,5,45,54.9,0.48,5,1.67,Cucine Lube Civitanova,3,1,7
Andata_8,5,77,44,33,105,9,22,1.8,-0.12,88,10,33,28,31.8,0.2,121,11,13,62,51.2,0.42,6,1.2,Cucine Lube Civitanova,3,1,8
Andata_9,4,75,52,23,100,4,20,1,-0.16,76,3,28,20,26.3,0.22,106,5,9,58,54.7,0.5,13,3.25,Cucine Lube Civitanova,3,1,9
Andata_10,4,62,45,17,86,4,21,1,-0.2,79,9,36,12,15.2,0.04,100,12,9,47,47,0.35,11,2.75,Cucine Lube Civitanova,1,0,9
Andata_11,3,55,26,29,73,6,11,2,-0.07,41,2,13,18,43.9,0.39,63,4,4,43,68.3,0.62,6,2,Cucine Lube Civitanova,3,1,10
Andata_12,4,73,42,31,96,13,18,3.25,-0.05,63,8,25,21,33.3,0.21,79,2,5,53,67.1,0.65,7,1.75,Cucine Lube Civitanova,3,1,11
Andata_13,5,84,51,33,117,5,29,1,-0.21,86,9,36,18,20.9,0.1,118,8,13,64,54.2,0.47,15,3,Cucine Lube Civitanova,2,0,11
Ritorno_1,3,55,31,24,73,5,15,1.67,-0.14,49,3,17,18,36.7,0.31,73,8,7,43,58.9,0.48,7,2.33,Cucine Lube Civitanova,3,1,12
Ritorno_2,4,59,35,24,94,8,14,2,-0.06,72,7,35,25,34.7,0.25,86,7,12,41,47.7,0.4,10,2.5,Cucine Lube Civitanova,3,1,13
Ritorno_3,3,58,31,27,73,6,11,2,-0.07,37,2,10,17,45.9,0.41,60,2,2,45,75,0.72,7,2.33,Cucine Lube Civitanova,3,1,14
Ritorno_4,3,52,31,21,73,7,19,2.33,-0.16,45,4,16,16,35.6,0.27,59,5,1,41,69.5,0.61,4,1.33,Cucine Lube Civitanova,3,1,15
Ritorno_5,3,54,25,29,74,8,15,2.67,-0.09,40,5,12,13,32.5,0.2,66,3,3,37,56.1,0.52,9,3,Cucine Lube Civitanova,3,1,16
Ritorno_6,4,70,49,21,96,3,16,0.75,-0.14,73,9,26,20,27.4,0.15,109,8,6,56,51.4,0.44,11,2.75,Cucine Lube Civitanova,3,1,17
Ritorno_7,4,77,44,33,97,7,22,1.75,-0.15,62,1,26,20,32.3,0.31,98,3,5,63,64.3,0.61,7,1.75,Cucine Lube Civitanova,3,1,18
Ritorno_8,4,73,38,35,101,10,25,2.5,-0.15,59,4,26,14,23.7,0.17,87,3,6,56,64.4,0.61,7,1.75,Cucine Lube Civitanova,3,1,19
Ritorno_9,3,58,28,30,74,4,6,1.33,-0.03,47,5,20,12,25.5,0.15,74,5,5,40,54.1,0.47,14,4.67,Cucine Lube Civitanova,3,1,20
Ritorno_10,3,54,23,31,74,10,13,3.33,-0.04,38,1,12,14,36.8,0.34,63,5,6,33,52.4,0.44,11,3.67,Cucine Lube Civitanova,3,1,21
Ritorno_11,5,75,42,33,103,10,24,2,-0.14,77,6,27,27,35.1,0.27,109,7,9,54,49.5,0.43,11,2.2,Cucine Lube Civitanova,3,1,22
Ritorno_12,5,68,44,24,98,7,18,1.4,-0.11,82,14,34,15,18.3,0.01,94,8,6,53,56.4,0.48,8,1.6,Cucine Lube Civitanova,2,0,22
Ritorno_13,4,71,43,28,99,6,20,1.5,-0.14,62,5,27,21,33.9,0.26,97,7,8,55,56.7,0.49,10,2.5,Cucine Lube Civitanova,3,1,23
Andata_1,4,61,37,24,93,6,21,1.5,-0.16,79,11,31,25,31.6,0.18,112,9,13,48,42.9,0.35,7,1.75,Revivre Milano,3,1,1
Andata_2,4,58,41,17,87,4,18,1,-0.16,78,11,35,18,23.1,0.09,92,4,10,45,48.9,0.45,9,2.25,Revivre Milano,1,0,1
Andata_3,3,37,27,10,58,2,10,0.67,-0.14,60,7,33,9,15,0.03,83,6,10,32,38.6,0.31,3,1,Revivre Milano,0,0,1
Andata_4,5,83,51,32,108,8,16,1.6,-0.07,94,10,42,24,25.5,0.15,137,7,10,63,46,0.41,12,2.4,Revivre Milano,2,0,1
Andata_5,3,32,23,9,60,5,12,1.67,-0.12,53,3,33,9,17,0.11,57,9,6,24,42.1,0.26,3,1,Revivre Milano,0,0,1
Andata_6,5,92,60,32,132,7,23,1.4,-0.12,110,12,54,41,37.3,0.26,146,16,12,70,47.9,0.37,15,3,Revivre Milano,2,0,1
Andata_7,3,40,28,12,58,5,14,1.67,-0.16,62,3,35,14,22.6,0.18,82,8,8,32,39,0.29,3,1,Revivre Milano,0,0,1
Andata_8,3,37,27,10,67,5,16,1.67,-0.16,57,3,19,20,35.1,0.3,72,4,9,29,40.3,0.35,3,1,Revivre Milano,0,0,1
Andata_9,4,64,34,30,98,8,23,2,-0.15,60,6,21,15,25,0.15,88,5,10,47,53.4,0.48,9,2.25,Revivre Milano,3,1,2
Andata_10,3,39,25,14,59,1,11,0.33,-0.17,60,6,22,18,30,0.2,68,2,14,32,47.1,0.44,6,2,Revivre Milano,0,0,2
Andata_11,3,45,32,13,62,5,14,1.67,-0.15,62,4,27,13,21,0.15,91,10,10,31,34.1,0.23,9,3,Revivre Milano,0,0,2
Andata_12,5,82,64,18,101,3,28,0.6,-0.25,95,3,54,15,15.8,0.13,126,10,10,68,54,0.46,11,2.2,Revivre Milano,2,0,2
Andata_13,3,37,29,8,61,2,14,0.67,-0.2,58,3,30,10,17.2,0.12,78,3,11,34,43.6,0.4,1,0.33,Revivre Milano,0,0,2
Ritorno_1,4,69,45,24,96,5,21,1.25,-0.17,67,5,26,17,25.4,0.18,90,3,8,53,58.9,0.56,11,2.75,Revivre Milano,3,1,3
Ritorno_2,5,64,46,18,96,6,25,1.2,-0.2,89,15,37,15,16.9,NA,105,4,7,52,49.5,0.46,6,1.2,Revivre Milano,2,0,3
Ritorno_3,3,39,26,13,60,4,13,1.33,-0.15,60,6,26,13,21.7,0.12,73,10,7,32,43.8,0.3,3,1,Revivre Milano,0,0,3
Ritorno_4,3,44,33,11,66,2,20,0.67,-0.27,63,5,28,14,22.2,0.14,86,5,5,38,44.2,0.38,4,1.33,Revivre Milano,0,0,3
Ritorno_5,3,32,23,9,53,4,13,1.33,-0.17,59,11,16,17,28.8,0.1,74,7,9,25,33.8,0.24,3,1,Revivre Milano,0,0,3
Ritorno_6,4,56,41,15,93,7,12,1.75,-0.05,77,6,33,22,28.6,0.21,96,5,19,43,44.8,0.4,6,1.5,Revivre Milano,1,0,3
Ritorno_7,4,62,46,16,91,3,17,0.75,-0.15,78,5,36,27,34.6,0.28,100,4,9,52,52,0.48,7,1.75,Revivre Milano,1,0,3
Ritorno_8,3,33,25,8,57,3,15,1,-0.21,58,6,30,12,20.7,0.1,72,11,4,27,37.5,0.22,3,1,Revivre Milano,0,0,3
Ritorno_9,4,57,41,16,94,2,20,0.5,-0.19,85,12,39,16,18.8,0.05,110,5,14,47,42.7,0.38,8,2,Revivre Milano,1,0,3
Ritorno_10,5,81,54,27,108,2,28,0.4,-0.24,90,10,39,20,22.2,0.11,132,14,6,70,53,0.42,9,1.8,Revivre Milano,3,1,4
Ritorno_11,3,44,29,15,60,4,10,1.33,-0.1,64,11,28,10,15.6,-0.02,67,6,5,33,49.3,0.4,7,2.33,Revivre Milano,0,0,4
Ritorno_12,3,64,38,26,74,11,14,3.67,-0.04,63,2,37,9,14.3,0.11,81,2,5,47,58,0.56,6,2,Revivre Milano,3,1,5
Ritorno_13,3,37,30,7,59,4,11,1.33,-0.12,61,5,26,12,19.7,0.11,67,8,6,33,49.3,0.37,NA,NA,Revivre Milano,0,0,5
Andata_1,3,34,25,9,54,3,8,1,-0.09,62,4,22,23,37.1,0.31,80,4,6,26,32.5,0.27,5,1.67,Gi Group Monza,0,0,0
Andata_2,3,53,31,22,74,6,11,2,-0.07,48,4,16,12,25,0.17,74,5,6,40,54.1,0.47,7,2.33,Gi Group Monza,3,1,1
Andata_3,3,59,35,24,74,7,14,2.33,-0.09,48,2,11,26,54.2,0.5,80,3,3,42,52.5,0.49,10,3.33,Gi Group Monza,3,1,2
Andata_4,5,75,47,28,112,10,22,2,-0.11,91,14,38,23,25.3,0.1,126,7,13,58,46,0.4,7,1.4,Gi Group Monza,2,0,2
Andata_5,3,48,34,14,70,4,12,1.33,-0.11,66,7,22,20,30.3,0.2,84,11,10,42,50,0.37,2,0.67,Gi Group Monza,0,0,2
Andata_6,3,56,34,22,73,6,9,2,-0.04,55,3,15,29,52.7,0.47,91,5,4,45,49.5,0.44,5,1.67,Gi Group Monza,3,1,3
Andata_7,3,39,24,15,68,4,16,1.33,-0.18,51,10,19,14,27.5,0.08,69,5,7,28,40.6,0.33,7,2.33,Gi Group Monza,0,0,3
Andata_8,5,76,48,28,104,5,17,1,-0.12,86,5,36,29,33.7,0.28,119,6,10,57,47.9,0.43,14,2.8,Gi Group Monza,3,1,4
Andata_9,4,76,43,33,96,8,23,2,-0.16,69,6,31,23,33.3,0.25,103,7,6,55,53.4,0.47,13,3.25,Gi Group Monza,3,1,5
Andata_10,3,40,25,15,56,2,10,0.67,-0.14,63,8,24,17,27,0.14,71,9,8,32,45.1,0.32,6,2,Gi Group Monza,0,0,5
Andata_11,4,72,47,25,97,5,15,1.25,-0.1,83,6,34,29,34.9,0.28,123,4,13,56,45.5,0.42,11,2.75,Gi Group Monza,3,1,6
Andata_12,5,68,45,23,103,2,19,0.4,-0.17,80,7,24,27,33.7,0.25,113,5,8,57,50.4,0.46,9,1.8,Gi Group Monza,2,0,6
Andata_13,4,51,32,19,79,4,12,1,-0.1,74,11,27,26,35.1,0.2,87,6,6,41,47.1,0.4,6,1.5,Gi Group Monza,1,0,6
Ritorno_1,3,34,23,11,59,3,10,1,-0.12,58,6,22,13,22.4,0.12,67,10,7,24,35.8,0.21,7,2.33,Gi Group Monza,0,0,6
Ritorno_2,4,65,39,26,89,8,10,2,-0.02,60,6,26,18,30,0.2,86,4,4,48,55.8,0.51,9,2.25,Gi Group Monza,3,1,7
Ritorno_3,3,50,28,22,74,4,14,1.33,-0.14,47,5,19,14,29.8,0.19,63,5,3,39,61.9,0.54,7,2.33,Gi Group Monza,3,1,8
Ritorno_4,3,41,31,10,62,6,11,2,-0.08,62,1,29,19,30.6,0.29,84,8,10,34,40.5,0.31,1,0.33,Gi Group Monza,0,0,8
Ritorno_5,4,76,47,29,98,11,19,2.75,-0.08,73,4,28,25,34.2,0.29,114,12,8,51,44.7,0.34,14,3.5,Gi Group Monza,3,1,9
Ritorno_6,3,38,29,9,60,3,7,1,-0.07,66,11,22,17,25.8,0.09,83,6,8,33,39.8,0.33,2,0.67,Gi Group Monza,0,0,9
Ritorno_7,4,67,34,33,96,7,19,1.75,-0.12,65,7,23,21,32.3,0.22,106,6,6,48,45.3,0.4,12,3,Gi Group Monza,3,1,10
Ritorno_8,4,53,34,19,80,6,14,1.5,-0.1,82,13,29,20,24.4,0.09,101,8,15,37,36.6,0.29,10,2.5,Gi Group Monza,1,0,10
Ritorno_9,5,71,51,20,100,5,24,1,-0.19,93,12,32,33,35.5,0.23,132,10,10,58,43.9,0.36,8,1.6,Gi Group Monza,2,0,10
Ritorno_10,4,67,43,24,89,8,18,2,-0.11,79,11,40,13,16.5,0.03,99,5,9,52,52.5,0.47,7,1.75,Gi Group Monza,1,0,10
Ritorno_11,4,52,40,12,83,4,26,1,-0.27,79,9,47,9,11.4,NA,97,6,10,43,44.3,0.38,5,1.25,Gi Group Monza,1,0,10
Ritorno_12,3,44,35,9,65,NA,19,NA,-0.29,60,5,28,15,25,0.17,66,2,7,40,60.6,0.58,4,1.33,Gi Group Monza,0,0,10
Ritorno_13,5,73,50,23,107,9,18,1.8,-0.08,86,6,45,26,30.2,0.23,116,9,10,57,49.1,0.41,7,1.4,Gi Group Monza,3,1,11
Andata_1,3,62,31,31,74,11,16,3.67,-0.07,57,7,15,24,42.1,0.3,91,5,6,46,50.5,0.45,5,1.67,Azimut Modena,3,1,1
Andata_2,4,73,43,30,97,9,19,2.25,-0.1,69,9,34,15,21.7,0.09,98,7,9,54,55.1,0.48,10,2.5,Azimut Modena,3,1,2
Andata_3,5,77,59,18,111,3,26,0.6,-0.21,94,9,27,26,27.7,0.18,125,5,14,64,51.2,0.47,10,2,Azimut Modena,3,1,3
Andata_4,3,54,28,26,77,12,17,4,-0.06,59,2,25,19,32.2,0.29,82,9,8,33,40.2,0.29,9,3,Azimut Modena,3,1,4
Andata_5,3,56,33,23,73,8,10,2.67,-0.03,49,6,13,14,28.6,0.16,77,10,5,41,53.2,0.4,7,2.33,Azimut Modena,3,1,5
Andata_6,3,54,35,19,73,6,18,2,-0.16,54,5,21,22,40.7,0.31,79,3,8,42,53.2,0.49,6,2,Azimut Modena,3,1,6
Andata_7,4,71,47,24,96,3,22,0.75,-0.2,74,6,21,21,28.4,0.2,109,8,9,58,53.2,0.46,10,2.5,Azimut Modena,3,1,7
Andata_8,3,49,31,18,73,8,8,2.67,NA,43,4,18,14,32.6,0.23,70,1,5,36,51.4,0.5,5,1.67,Azimut Modena,3,1,8
Andata_9,4,51,35,16,84,3,15,0.75,-0.14,73,11,23,24,32.9,0.18,103,5,13,42,40.8,0.36,6,1.5,Azimut Modena,1,0,8
Andata_10,4,64,36,28,93,6,14,1.5,-0.09,81,8,37,26,32.1,0.22,96,8,14,47,49,0.41,11,2.75,Azimut Modena,1,0,8
Andata_11,5,68,35,33,105,11,16,2.2,-0.05,72,5,30,25,34.7,0.28,97,10,15,46,47.4,0.37,11,2.2,Azimut Modena,3,1,9
Andata_12,4,75,45,30,109,12,26,3,-0.13,78,NA,43,30,38.5,0.38,107,13,10,55,51.4,0.39,8,2,Azimut Modena,3,1,10
Andata_13,5,76,52,24,116,9,30,1.8,-0.18,88,7,46,13,14.8,0.07,100,3,15,54,54,0.51,13,2.6,Azimut Modena,3,1,11
Ritorno_1,3,52,29,23,73,8,16,2.67,-0.11,41,2,17,11,26.8,0.22,59,2,4,37,62.7,0.59,7,2.33,Azimut Modena,3,1,12
Ritorno_2,5,78,45,33,109,13,20,2.6,-0.06,71,7,28,21,29.6,0.2,97,8,6,58,59.8,0.52,7,1.4,Azimut Modena,3,1,13
Ritorno_3,4,62,40,22,91,9,31,2.25,-0.24,74,13,23,18,24.3,0.07,94,2,8,48,51.1,0.49,5,1.25,Azimut Modena,1,0,13
Ritorno_4,3,48,29,19,73,7,16,2.33,-0.12,49,7,20,6,12.2,-0.02,69,6,6,38,55.1,0.46,3,1,Azimut Modena,3,1,14
Ritorno_5,5,84,52,32,109,12,18,2.4,-0.06,89,5,30,30,33.7,0.28,128,14,14,62,48.4,0.37,10,2,Azimut Modena,3,1,15
Ritorno_6,3,56,36,20,74,4,13,1.33,-0.12,54,7,21,13,24.1,0.11,75,1,6,46,61.3,0.6,6,2,Azimut Modena,3,1,16
Ritorno_7,5,74,43,31,105,10,29,2,-0.18,81,4,35,26,32.1,0.27,119,9,12,52,43.7,0.36,12,2.4,Azimut Modena,3,1,17
Ritorno_8,3,46,34,12,63,1,18,0.33,-0.27,62,3,30,20,32.3,0.27,85,8,8,40,47.1,0.38,5,1.67,Azimut Modena,0,0,17
Ritorno_9,5,76,45,31,112,10,19,2,-0.08,76,7,34,21,27.6,0.18,116,7,8,56,48.3,0.42,10,2,Azimut Modena,3,1,18
Ritorno_10,4,70,36,34,97,8,19,2,-0.11,70,13,30,18,25.7,0.07,89,9,6,51,57.3,0.47,11,2.75,Azimut Modena,3,1,19
Ritorno_11,3,50,34,16,68,3,19,1,-0.24,66,8,34,16,24.2,0.12,94,6,9,41,43.6,0.37,6,2,Azimut Modena,0,0,19
Ritorno_12,4,65,36,29,93,7,11,1.75,-0.04,68,9,31,20,29.4,0.16,91,3,14,48,52.7,0.49,10,2.5,Azimut Modena,3,1,20
Ritorno_13,4,54,40,14,81,4,19,1,-0.19,79,8,34,23,29.1,0.19,104,7,10,42,40.4,0.34,8,2,Azimut Modena,1,0,20
Andata_1,4,67,36,31,101,7,22,1.75,-0.15,72,12,17,27,37.5,0.21,100,8,7,47,47,0.39,13,3.25,Exprivia Molfetta,1,0,0
Andata_2,3,35,28,7,55,1,13,0.33,-0.22,60,4,34,16,26.7,0.2,86,13,7,30,34.9,0.2,4,1.33,Exprivia Molfetta,0,0,0
Andata_3,4,73,46,27,97,7,20,1.75,-0.13,81,6,28,22,27.2,0.2,116,10,6,55,47.4,0.39,11,2.75,Exprivia Molfetta,3,1,1
Andata_4,5,69,42,27,99,9,19,1.8,-0.1,84,3,39,27,32.1,0.29,110,13,9,51,46.4,0.35,9,1.8,Exprivia Molfetta,2,0,1
Andata_5,3,31,24,7,52,2,14,0.67,-0.23,56,13,21,16,28.6,0.05,67,6,8,27,40.3,0.31,2,0.67,Exprivia Molfetta,0,0,1
Andata_6,4,59,40,19,85,5,15,1.25,-0.12,81,8,36,24,29.6,0.2,116,12,13,46,39.7,0.29,8,2,Exprivia Molfetta,1,0,1
Andata_7,4,62,50,12,82,5,16,1.25,-0.13,84,5,30,24,28.6,0.23,100,8,8,52,52,0.44,5,1.25,Exprivia Molfetta,1,0,1
Andata_8,3,55,32,23,72,7,10,2.33,-0.04,46,5,16,16,34.8,0.24,62,1,4,42,67.7,0.66,6,2,Exprivia Molfetta,3,1,2
Andata_9,5,66,42,24,100,7,23,1.4,-0.16,89,6,31,25,28.1,0.21,132,13,15,54,40.9,0.31,5,1,Exprivia Molfetta,2,0,2
Andata_10,4,77,40,37,100,8,19,2,-0.11,79,6,37,28,35.4,0.28,105,8,11,55,52.4,0.45,14,3.5,Exprivia Molfetta,3,1,3
Andata_11,4,74,47,27,95,4,12,1,-0.08,82,6,29,28,34.1,0.27,128,8,11,57,44.5,0.38,13,3.25,Exprivia Molfetta,1,0,3
Andata_12,4,54,35,19,78,8,15,2,-0.09,78,13,29,17,21.8,0.05,80,8,7,41,51.2,0.41,5,1.25,Exprivia Molfetta,1,0,3
Andata_13,5,83,52,31,111,12,23,2.4,-0.1,97,9,60,16,16.5,0.07,129,10,11,60,46.5,0.39,11,2.2,Exprivia Molfetta,2,0,3
Ritorno_1,4,56,41,15,83,4,16,1,-0.14,75,5,28,17,22.7,0.16,101,10,11,44,43.6,0.34,8,2,Exprivia Molfetta,1,0,3
Ritorno_2,3,55,35,20,76,5,11,1.67,-0.08,59,6,32,13,22,0.12,79,6,6,44,55.7,0.48,6,2,Exprivia Molfetta,3,1,4
Ritorno_3,3,58,35,23,75,4,11,1.33,-0.09,70,12,28,20,28.6,0.11,88,8,10,44,50,0.41,10,3.33,Exprivia Molfetta,0,0,4
Ritorno_4,4,48,31,17,75,2,12,0.5,-0.13,77,12,39,21,27.3,0.12,94,15,11,41,43.6,0.28,5,1.25,Exprivia Molfetta,1,0,4
Ritorno_5,3,55,29,26,74,10,12,3.33,-0.03,48,1,22,15,31.2,0.29,81,5,5,39,48.1,0.42,6,2,Exprivia Molfetta,3,1,5
Ritorno_6,5,73,44,29,108,15,19,3,-0.04,80,5,43,7,8.7,0.02,103,10,8,50,48.5,0.39,8,1.6,Exprivia Molfetta,3,1,6
Ritorno_7,5,84,58,26,106,8,17,1.6,-0.08,84,1,38,28,33.3,0.32,130,11,8,67,51.5,0.43,9,1.8,Exprivia Molfetta,3,1,7
Ritorno_8,4,57,38,19,91,5,25,1.25,-0.22,80,7,38,21,26.2,0.17,97,15,5,45,46.4,0.31,7,1.75,Exprivia Molfetta,1,0,7
Ritorno_9,3,37,30,7,55,3,11,1,-0.15,65,8,36,11,16.9,0.05,67,7,6,32,47.8,0.37,2,0.67,Exprivia Molfetta,0,0,7
Ritorno_10,4,55,33,22,88,9,18,2.25,-0.1,78,9,39,12,15.4,0.04,87,6,11,40,46,0.39,6,1.5,Exprivia Molfetta,1,0,7
Ritorno_11,4,68,39,29,100,9,21,2.25,-0.12,57,4,24,19,33.3,0.26,86,5,5,49,57,0.51,10,2.5,Exprivia Molfetta,3,1,8
Ritorno_12,5,73,46,27,100,11,18,2.2,-0.07,80,9,37,23,28.7,0.17,109,10,9,56,51.4,0.42,6,1.2,Exprivia Molfetta,3,1,9
Ritorno_13,3,35,27,8,57,1,13,0.33,-0.21,62,7,32,12,19.4,0.08,69,9,4,27,39.1,0.26,7,2.33,Exprivia Molfetta,0,0,9
Andata_1,3,52,31,21,79,5,17,1.67,-0.15,51,6,17,16,31.4,0.2,69,4,4,40,58,0.52,7,2.33,Kioene Padova,3,1,1
Andata_2,4,58,38,20,87,7,21,1.75,-0.16,70,10,23,26,37.1,0.23,88,3,10,47,53.4,0.5,4,1,Kioene Padova,1,0,1
Andata_3,5,66,39,27,100,8,22,1.6,-0.14,83,20,35,20,24.1,NA,102,3,12,52,51,0.48,6,1.2,Kioene Padova,2,0,1
Andata_4,3,41,23,18,73,2,14,0.67,-0.16,60,12,26,13,21.7,0.02,78,6,9,31,39.7,0.32,8,2.67,Kioene Padova,0,0,1
Andata_5,3,53,27,26,74,10,18,3.33,-0.11,38,6,14,10,26.3,0.11,59,1,2,35,59.3,0.58,8,2.67,Kioene Padova,3,1,2
Andata_6,5,62,39,23,93,5,22,1,-0.18,81,15,34,18,22.2,0.04,107,12,5,49,45.8,0.35,8,1.6,Kioene Padova,2,0,2
Andata_7,3,51,32,19,73,7,21,2.33,-0.19,52,5,21,16,30.8,0.21,75,6,7,37,49.3,0.41,7,2.33,Kioene Padova,3,1,3
Andata_8,4,64,41,23,87,7,19,1.75,-0.14,84,14,32,16,19,0.02,111,9,10,45,40.5,0.32,12,3,Kioene Padova,1,0,3
Andata_9,4,52,34,18,83,6,23,1.5,-0.2,75,8,41,14,18.7,0.08,92,12,9,36,39.1,0.26,10,2.5,Kioene Padova,1,0,3
Andata_10,5,85,52,33,111,9,21,1.8,-0.11,92,8,37,27,29.3,0.21,130,7,9,62,47.7,0.42,14,2.8,Kioene Padova,3,1,4
Andata_11,3,39,27,12,66,4,15,1.33,-0.17,55,4,27,17,30.9,0.24,68,6,11,28,41.2,0.32,7,2.33,Kioene Padova,0,0,4
Andata_12,5,70,42,28,104,4,34,0.8,-0.29,93,4,39,21,22.6,0.18,126,8,11,58,46,0.4,8,1.6,Kioene Padova,2,0,4
Andata_13,3,33,23,10,56,4,5,1.33,-0.02,59,7,29,14,23.7,0.12,69,3,13,26,37.7,0.33,3,1,Kioene Padova,0,0,4
Ritorno_1,4,60,41,19,90,3,17,0.75,-0.16,94,6,47,20,21.3,0.15,115,10,13,45,39.1,0.3,12,3,Kioene Padova,1,0,4
Ritorno_2,4,55,39,16,85,6,16,1.5,-0.12,72,11,21,29,40.3,0.25,102,4,12,49,48,0.44,NA,NA,Kioene Padova,1,0,4
Ritorno_3,4,42,28,14,70,7,16,1.75,-0.13,73,8,25,26,35.6,0.25,92,10,10,30,32.6,0.22,5,1.25,Kioene Padova,1,0,4
Ritorno_4,3,41,27,14,67,7,18,2.33,-0.16,57,8,27,14,24.6,0.11,76,6,3,28,36.8,0.29,6,2,Kioene Padova,0,0,4
Ritorno_5,3,40,29,11,59,1,11,0.33,-0.17,62,10,21,16,25.8,0.1,74,6,6,34,45.9,0.38,5,1.67,Kioene Padova,0,0,4
Ritorno_6,4,56,42,14,88,5,15,1.25,-0.11,80,3,37,26,32.5,0.29,106,8,11,45,42.5,0.35,6,1.5,Kioene Padova,1,0,4
Ritorno_7,4,59,32,27,87,4,22,1,-0.21,77,9,38,22,28.6,0.17,122,10,12,49,40.2,0.32,6,1.5,Kioene Padova,1,0,4
Ritorno_8,5,83,49,34,114,12,20,2.4,-0.07,92,6,31,31,33.7,0.27,135,14,15,57,42.2,0.32,14,2.8,Kioene Padova,2,0,4
Ritorno_9,4,79,47,32,103,9,18,2.25,-0.09,73,3,26,24,32.9,0.29,128,15,8,56,43.7,0.32,14,3.5,Kioene Padova,3,1,5
Ritorno_10,3,42,30,12,58,5,13,1.67,-0.14,65,2,25,18,27.7,0.25,79,7,11,29,36.7,0.28,8,2.67,Kioene Padova,0,0,5
Ritorno_11,5,68,46,22,96,3,13,0.6,-0.1,89,8,43,28,31.5,0.22,117,8,14,51,43.6,0.37,14,2.8,Kioene Padova,2,0,5
Ritorno_12,3,59,39,20,89,8,19,2.67,-0.12,60,2,18,19,31.7,0.28,80,5,15,43,53.7,0.47,8,2.67,Kioene Padova,3,1,6
Ritorno_13,3,40,31,9,56,NA,11,NA,-0.2,62,6,23,20,32.3,0.23,69,5,8,36,52.2,0.45,4,1.33,Kioene Padova,0,0,6
Andata_1,4,65,34,31,97,8,17,2,-0.09,62,6,24,22,35.5,0.26,94,11,5,48,51.1,0.39,9,2.25,Sir Safety Conad Perugia,3,1,1
Andata_2,4,63,40,23,90,8,20,2,-0.13,66,12,21,23,34.8,0.17,86,5,4,45,52.3,0.47,10,2.5,Sir Safety Conad Perugia,3,1,2
Andata_3,3,50,30,20,74,4,16,1.33,-0.16,44,6,16,13,29.5,0.16,60,3,3,40,66.7,0.62,6,2,Sir Safety Conad Perugia,3,1,3
Andata_4,5,69,44,25,105,8,13,1.6,-0.05,84,12,25,24,28.6,0.14,110,11,12,52,47.3,0.37,9,1.8,Sir Safety Conad Perugia,3,1,4
Andata_5,5,91,51,40,109,13,17,2.6,-0.04,80,3,38,23,28.7,0.25,123,9,3,66,53.7,0.46,12,2.4,Sir Safety Conad Perugia,3,1,5
Andata_6,4,63,41,22,87,6,19,1.5,-0.15,76,9,23,26,34.2,0.22,95,12,7,49,51.6,0.39,8,2,Sir Safety Conad Perugia,1,0,5
Andata_7,4,57,41,16,91,3,17,0.75,-0.15,74,7,25,30,40.5,0.31,102,7,10,45,44.1,0.37,9,2.25,Sir Safety Conad Perugia,1,0,5
Andata_8,5,68,37,31,105,10,17,2,-0.07,83,9,37,12,14.5,0.04,98,7,6,45,45.9,0.39,13,2.6,Sir Safety Conad Perugia,2,0,5
Andata_9,5,73,43,30,110,3,21,0.6,-0.16,76,11,28,20,26.3,0.12,110,10,5,55,50,0.41,15,3,Sir Safety Conad Perugia,3,1,6
Andata_10,3,52,24,28,74,7,11,2.33,-0.05,46,2,17,14,30.4,0.26,68,3,6,37,54.4,0.5,8,2.67,Sir Safety Conad Perugia,3,1,7
Andata_11,3,45,27,18,72,4,13,1.33,-0.12,43,1,10,22,51.2,0.49,67,6,4,33,49.3,0.4,8,2.67,Sir Safety Conad Perugia,3,1,8
Andata_12,3,57,32,25,73,6,13,2,-0.1,46,2,24,15,32.6,0.28,72,1,5,41,56.9,0.56,10,3.33,Sir Safety Conad Perugia,3,1,9
Andata_13,3,57,32,25,73,1,15,0.33,-0.19,47,4,13,23,48.9,0.4,72,4,1,45,62.5,0.57,11,3.67,Sir Safety Conad Perugia,3,1,10
Ritorno_1,4,62,36,26,95,10,19,2.5,-0.09,61,6,25,17,27.9,0.18,83,5,6,45,54.2,0.48,7,1.75,Sir Safety Conad Perugia,3,1,11
Ritorno_2,4,72,45,27,93,10,21,2.5,-0.12,69,7,26,19,27.5,0.17,89,6,NA,50,56.2,0.49,12,3,Sir Safety Conad Perugia,3,1,12
Ritorno_3,3,53,24,29,74,8,11,2.67,-0.04,50,6,13,18,36,0.24,70,8,6,34,48.6,0.37,11,3.67,Sir Safety Conad Perugia,3,1,13
Ritorno_4,3,58,34,24,77,8,12,2.67,-0.05,57,3,28,15,26.3,0.21,77,8,6,42,54.5,0.44,8,2.67,Sir Safety Conad Perugia,3,1,14
Ritorno_5,4,72,44,28,102,3,22,0.75,-0.19,71,8,24,23,32.4,0.21,112,11,9,58,51.8,0.42,11,2.75,Sir Safety Conad Perugia,3,1,15
Ritorno_6,3,44,26,18,74,2,15,0.67,-0.18,43,1,17,13,30.2,0.28,63,4,4,34,54,0.48,8,2.67,Sir Safety Conad Perugia,3,1,16
Ritorno_7,5,63,37,26,104,4,23,0.8,-0.18,76,10,39,15,19.7,0.07,112,6,12,47,42,0.37,12,2.4,Sir Safety Conad Perugia,2,0,16
Ritorno_8,4,50,36,14,82,NA,23,NA,-0.28,75,16,20,21,28,0.07,83,3,7,44,53,0.49,6,1.5,Sir Safety Conad Perugia,1,0,16
Ritorno_9,3,53,27,26,73,8,8,2.67,NA,44,3,24,10,22.7,0.16,67,8,2,39,58.2,0.46,6,2,Sir Safety Conad Perugia,3,1,17
Ritorno_10,4,73,43,30,96,8,16,2,-0.08,71,11,26,18,25.4,0.1,95,2,7,56,58.9,0.57,9,2.25,Sir Safety Conad Perugia,3,1,18
Ritorno_11,4,77,49,28,99,13,16,3.25,-0.03,72,3,36,22,30.6,0.26,94,5,7,54,57.4,0.52,10,2.5,Sir Safety Conad Perugia,3,1,19
Ritorno_12,3,46,28,18,73,6,12,2,-0.08,44,3,20,11,25,0.18,62,5,2,35,56.5,0.48,5,1.67,Sir Safety Conad Perugia,3,1,20
Ritorno_13,3,55,33,22,73,5,12,1.67,-0.1,48,4,20,10,20.8,0.12,61,6,NA,44,72.1,0.62,6,2,Sir Safety Conad Perugia,3,1,21
Andata_1,4,51,33,18,81,3,19,0.75,-0.2,80,16,30,27,33.7,0.14,91,13,9,43,47.3,0.33,5,1.25,LPR Piacenza,1,0,0
Andata_2,3,35,26,9,56,4,10,1.33,-0.11,58,8,23,16,27.6,0.14,72,9,10,28,38.9,0.26,3,1,LPR Piacenza,0,0,0
Andata_3,5,78,50,28,107,6,19,1.2,-0.12,88,11,33,38,43.2,0.31,117,5,14,61,52.1,0.48,11,2.2,LPR Piacenza,3,1,1
Andata_4,5,71,46,25,106,3,22,0.6,-0.18,80,9,36,22,27.5,0.16,104,6,9,59,56.7,0.51,9,1.8,LPR Piacenza,3,1,2
Andata_5,4,73,47,26,96,6,16,1.5,-0.1,77,2,35,33,42.9,0.4,100,8,8,56,56,0.48,11,2.75,LPR Piacenza,3,1,3
Andata_6,5,96,62,34,135,6,25,1.2,-0.14,110,14,45,46,41.8,0.29,148,12,15,78,52.7,0.45,12,2.4,LPR Piacenza,3,1,4
Andata_7,3,58,34,24,76,9,17,3,-0.11,55,4,21,13,23.6,0.16,72,5,5,42,58.3,0.51,7,2.33,LPR Piacenza,3,1,5
Andata_8,4,77,52,25,98,4,14,1,-0.1,90,7,28,49,54.4,0.47,128,12,19,60,46.9,0.37,13,3.25,LPR Piacenza,3,1,6
Andata_9,4,70,49,21,95,6,19,1.5,-0.14,81,5,27,25,30.9,0.25,111,8,16,57,51.4,0.44,7,1.75,LPR Piacenza,1,0,6
Andata_10,3,55,32,23,74,5,10,1.67,-0.07,48,1,20,25,52.1,0.5,78,4,9,45,57.7,0.53,5,1.67,LPR Piacenza,3,1,7
Andata_11,3,52,33,19,73,3,18,1,-0.21,51,4,20,16,31.4,0.24,66,6,7,38,57.6,0.48,11,3.67,LPR Piacenza,3,1,8
Andata_12,4,60,44,16,102,NA,24,NA,-0.24,83,12,39,27,32.5,0.18,89,10,8,50,56.2,0.45,10,2.5,LPR Piacenza,1,0,8
Andata_13,4,69,38,31,90,9,16,2.25,-0.08,67,4,31,21,31.3,0.25,100,10,6,54,54,0.44,6,1.5,LPR Piacenza,3,1,9
Ritorno_1,4,58,37,21,83,6,22,1.5,-0.19,76,11,30,22,28.9,0.14,87,10,7,46,52.9,0.41,6,1.5,LPR Piacenza,1,0,9
Ritorno_2,4,71,46,25,94,7,22,1.75,-0.16,80,9,42,23,28.7,0.17,100,12,10,52,52,0.4,12,3,LPR Piacenza,1,0,9
Ritorno_3,3,47,31,16,73,5,19,1.67,-0.19,64,8,28,23,35.9,0.23,72,7,8,34,47.2,0.37,8,2.67,LPR Piacenza,0,0,9
Ritorno_4,4,70,39,31,97,11,20,2.75,-0.09,63,2,33,23,36.5,0.33,86,5,5,47,54.7,0.49,12,3,LPR Piacenza,3,1,10
Ritorno_5,3,37,26,11,62,3,9,1,-0.1,57,6,22,18,31.6,0.21,63,5,7,29,46,0.38,5,1.67,LPR Piacenza,0,0,10
Ritorno_6,4,82,49,33,99,5,22,1.25,-0.17,81,7,36,21,25.9,0.17,105,12,6,58,55.2,0.44,19,4.75,LPR Piacenza,3,1,11
Ritorno_7,5,80,55,25,105,8,22,1.6,-0.13,93,8,40,38,40.9,0.32,119,14,9,59,49.6,0.38,13,2.6,LPR Piacenza,3,1,12
Ritorno_8,5,67,42,25,102,6,24,1.2,-0.18,78,2,21,30,38.5,0.36,105,13,8,51,48.6,0.36,10,2,LPR Piacenza,3,1,13
Ritorno_9,4,72,42,30,98,3,20,0.75,-0.17,76,7,35,25,32.9,0.24,107,7,6,60,56.1,0.5,9,2.25,LPR Piacenza,3,1,14
Ritorno_10,3,33,21,12,56,3,13,1,-0.18,63,11,24,17,27,0.1,70,11,5,26,37.1,0.21,4,1.33,LPR Piacenza,0,0,14
Ritorno_11,5,86,53,33,108,7,19,1.4,-0.11,83,5,30,43,51.8,0.46,129,9,14,65,50.4,0.43,14,2.8,LPR Piacenza,3,1,15
Ritorno_12,4,67,44,23,84,8,16,2,-0.1,82,9,44,15,18.3,0.07,94,9,10,45,47.9,0.38,14,3.5,LPR Piacenza,1,0,15
Ritorno_13,5,76,53,23,106,6,20,1.2,-0.13,89,9,33,40,44.9,0.35,126,14,7,60,47.6,0.37,10,2,LPR Piacenza,2,0,15
Andata_1,3,47,33,14,72,3,20,1,-0.24,61,9,30,10,16.4,0.02,77,6,7,40,51.9,0.44,4,1.33,Bunge Ravenna,0,0,0
Andata_2,5,89,59,30,116,2,17,0.4,-0.13,98,7,29,27,27.6,0.2,142,11,16,76,53.5,0.46,11,2.2,Bunge Ravenna,3,1,1
Andata_3,5,78,52,26,111,4,17,0.8,-0.12,85,8,31,21,24.7,0.15,116,11,11,60,51.7,0.42,14,2.8,Bunge Ravenna,2,0,1
Andata_4,5,83,54,29,111,5,27,1,-0.2,92,11,41,14,15.2,0.03,129,9,9,66,51.2,0.44,12,2.4,Bunge Ravenna,2,0,1
Andata_5,4,54,36,18,82,7,15,1.75,-0.1,71,12,29,20,28.2,0.11,87,6,9,45,51.7,0.45,2,0.5,Bunge Ravenna,1,0,1
Andata_6,4,69,42,27,96,6,15,1.5,-0.09,70,8,27,23,32.9,0.21,106,10,8,50,47.2,0.38,13,3.25,Bunge Ravenna,3,1,2
Andata_7,4,71,57,14,105,3,18,0.75,-0.14,85,7,26,30,35.3,0.27,117,9,11,64,54.7,0.47,4,1,Bunge Ravenna,1,0,2
Andata_8,5,76,49,27,102,3,16,0.6,-0.13,87,8,42,20,23,0.14,122,8,14,63,51.6,0.45,10,2,Bunge Ravenna,2,0,2
Andata_9,4,63,46,17,91,1,15,0.25,-0.15,80,8,37,17,21.2,0.11,110,10,13,53,48.2,0.39,9,2.25,Bunge Ravenna,1,0,2
Andata_10,3,44,34,10,61,1,13,0.33,-0.2,64,11,28,23,35.9,0.19,68,5,5,34,50,0.43,9,3,Bunge Ravenna,0,0,2
Andata_11,3,49,32,17,73,1,11,0.33,-0.14,48,5,21,9,18.7,0.08,78,3,9,38,48.7,0.45,10,3.33,Bunge Ravenna,3,1,3
Andata_12,4,69,40,29,100,5,21,1.25,-0.16,80,8,30,20,25,0.15,107,12,11,46,43,0.32,18,4.5,Bunge Ravenna,1,0,3
Andata_13,5,79,49,30,99,3,17,0.6,-0.14,87,10,37,18,20.7,0.09,113,11,10,63,55.8,0.46,13,2.6,Bunge Ravenna,3,1,4
Ritorno_1,4,82,43,39,109,5,15,1.25,-0.09,73,3,35,18,24.7,0.21,116,11,12,64,55.2,0.46,13,3.25,Bunge Ravenna,3,1,5
Ritorno_2,4,74,45,29,101,7,17,1.75,-0.1,89,4,32,23,25.8,0.21,120,12,12,53,44.2,0.34,14,3.5,Bunge Ravenna,1,0,5
Ritorno_3,4,58,30,28,94,8,20,2,-0.13,60,9,28,13,21.7,0.07,83,3,5,42,50.6,0.47,8,2,Bunge Ravenna,3,1,6
Ritorno_4,3,47,33,14,67,3,10,1,-0.1,65,9,34,15,23.1,0.09,86,8,8,38,44.2,0.35,6,2,Bunge Ravenna,0,0,6
Ritorno_5,3,39,29,10,59,3,13,1,-0.17,60,6,30,18,30,0.2,71,4,12,29,40.8,0.35,7,2.33,Bunge Ravenna,0,0,6
Ritorno_6,5,64,46,18,96,4,16,0.8,-0.12,89,15,33,22,24.7,0.08,111,14,8,52,46.8,0.34,8,1.6,Bunge Ravenna,2,0,6
Ritorno_7,3,37,27,10,64,3,18,1,-0.23,55,5,28,15,27.3,0.18,70,7,8,29,41.4,0.31,5,1.67,Bunge Ravenna,0,0,6
Ritorno_8,4,70,36,34,94,7,12,1.75,-0.05,66,10,30,14,21.2,0.06,90,9,10,48,53.3,0.43,15,3.75,Bunge Ravenna,3,1,7
Ritorno_9,3,43,31,12,57,5,10,1.67,-0.09,68,4,30,16,23.5,0.18,86,4,14,33,38.4,0.34,5,1.67,Bunge Ravenna,0,0,7
Ritorno_10,3,49,22,27,74,4,10,1.33,-0.08,42,6,18,12,28.6,0.14,71,10,4,40,56.3,0.42,5,1.67,Bunge Ravenna,3,1,8
Ritorno_11,3,57,29,28,73,10,9,3.33,0.01,50,5,25,10,20,0.1,70,4,7,42,60,0.54,5,1.67,Bunge Ravenna,3,1,9
Ritorno_12,4,71,45,26,95,4,16,1,-0.13,75,12,34,7,9.3,-0.07,112,10,9,57,50.9,0.42,10,2.5,Bunge Ravenna,1,0,9
Ritorno_13,3,53,34,19,74,4,17,1.33,-0.18,45,3,22,10,22.2,0.16,56,3,3,42,75,0.7,7,2.33,Bunge Ravenna,3,1,10
Andata_1,3,36,16,20,60,3,3,1,NA,58,19,20,11,19,-0.14,70,6,5,27,38.6,0.3,6,2,Biosi Indexa Sora,0,0,0
Andata_2,3,34,26,8,58,3,11,1,-0.14,58,16,20,12,20.7,-0.07,61,6,8,28,45.9,0.36,3,1,Biosi Indexa Sora,0,0,0
Andata_3,3,42,32,10,62,4,18,1.33,-0.23,58,8,22,18,31,0.17,63,7,6,35,55.6,0.44,3,1,Biosi Indexa Sora,0,0,0
Andata_4,4,48,32,16,77,3,16,0.75,-0.17,73,10,39,11,15.1,0.01,87,7,10,38,43.7,0.36,7,1.75,Biosi Indexa Sora,1,0,0
Andata_5,3,51,33,18,75,4,9,1.33,-0.07,58,6,24,16,27.6,0.17,72,7,2,37,51.4,0.42,10,3.33,Biosi Indexa Sora,3,1,1
Andata_6,4,63,43,20,87,6,16,1.5,-0.11,84,7,49,19,22.6,0.14,116,6,12,50,43.1,0.38,7,1.75,Biosi Indexa Sora,1,0,1
Andata_7,3,42,26,16,69,4,14,1.33,-0.14,59,9,22,15,25.4,0.1,64,3,7,33,51.6,0.47,5,1.67,Biosi Indexa Sora,0,0,1
Andata_8,3,42,31,11,59,3,13,1,-0.17,62,13,24,18,29,0.08,72,6,6,35,48.6,0.4,4,1.33,Biosi Indexa Sora,0,0,1
Andata_9,5,84,57,27,113,5,19,1,-0.12,98,5,46,26,26.5,0.21,134,15,9,69,51.5,0.4,10,2,Biosi Indexa Sora,2,0,1
Andata_10,3,60,30,30,74,6,14,2,-0.11,48,1,35,5,10.4,0.08,67,4,6,40,59.7,0.54,14,4.67,Biosi Indexa Sora,3,1,2
Andata_11,5,82,57,25,106,5,19,1,-0.13,92,3,38,19,20.7,0.17,132,11,4,68,51.5,0.43,9,1.8,Biosi Indexa Sora,3,1,3
Andata_12,5,67,34,33,111,4,18,0.8,-0.13,70,4,32,20,28.6,0.23,106,7,8,52,49.1,0.42,11,2.2,Biosi Indexa Sora,3,1,4
Andata_13,5,66,41,25,95,10,8,2,0.02,82,4,48,11,13.4,0.09,110,9,13,46,41.8,0.34,10,2,Biosi Indexa Sora,2,0,4
Ritorno_1,3,32,25,7,53,2,12,0.67,-0.19,57,9,22,19,33.3,0.18,60,9,7,26,43.3,0.28,4,1.33,Biosi Indexa Sora,0,0,4
Ritorno_2,4,48,37,11,82,3,15,0.75,-0.15,71,11,25,11,15.5,NA,85,4,10,36,42.4,0.38,9,2.25,Biosi Indexa Sora,1,0,4
Ritorno_3,3,42,29,13,64,5,14,1.67,-0.14,63,9,23,17,27,0.13,75,6,11,31,41.3,0.33,6,2,Biosi Indexa Sora,0,0,4
Ritorno_4,3,31,23,8,60,4,15,1.33,-0.18,54,8,23,14,25.9,0.11,58,3,4,26,44.8,0.4,1,0.33,Biosi Indexa Sora,0,0,4
Ritorno_5,4,52,35,17,85,4,12,1,-0.09,79,11,34,18,22.8,0.09,108,9,14,40,37,0.29,8,2,Biosi Indexa Sora,1,0,4
Ritorno_6,4,63,40,23,94,9,18,2.25,-0.1,78,7,42,13,16.7,0.08,93,2,11,47,50.5,0.48,7,1.75,Biosi Indexa Sora,1,0,4
Ritorno_7,5,67,43,24,107,8,14,1.6,-0.06,83,8,38,26,31.3,0.22,106,12,13,50,47.2,0.36,9,1.8,Biosi Indexa Sora,2,0,4
Ritorno_8,4,57,33,24,99,7,19,1.75,-0.12,66,5,27,15,22.7,0.15,84,7,7,45,53.6,0.45,5,1.25,Biosi Indexa Sora,3,1,5
Ritorno_9,4,65,52,13,83,4,24,1,-0.24,91,7,39,26,28.6,0.21,109,7,10,53,48.6,0.42,8,2,Biosi Indexa Sora,1,0,5
Ritorno_10,5,65,41,24,108,9,18,1.8,-0.08,80,3,36,19,23.7,0.2,120,7,9,50,41.7,0.36,6,1.2,Biosi Indexa Sora,2,0,5
Ritorno_11,4,79,50,29,101,9,22,2.25,-0.13,84,7,42,16,19,0.11,109,15,6,59,54.1,0.4,11,2.75,Biosi Indexa Sora,3,1,6
Ritorno_12,3,54,37,17,82,2,22,0.67,-0.24,70,8,36,16,22.9,0.11,88,8,8,37,42,0.33,15,5,Biosi Indexa Sora,0,0,6
Ritorno_13,3,35,27,8,60,3,15,1,-0.2,57,4,28,14,24.6,0.18,68,6,7,29,42.6,0.34,3,1,Biosi Indexa Sora,0,0,6
Andata_1,3,56,30,26,74,3,15,1,-0.16,55,4,24,16,29.1,0.22,82,9,7,45,54.9,0.44,8,2.67,Diatec Trentino,3,1,1
Andata_2,3,57,33,24,73,10,15,3.33,-0.07,47,5,25,13,27.7,0.17,67,4,3,39,58.2,0.52,8,2.67,Diatec Trentino,3,1,2
Andata_3,5,82,41,41,107,13,24,2.6,-0.1,78,14,35,20,25.6,0.08,102,8,6,57,55.9,0.48,12,2.4,Diatec Trentino,3,1,3
Andata_4,3,52,28,24,73,6,12,2,-0.08,40,2,11,21,52.5,0.47,79,8,5,40,50.6,0.41,6,2,Diatec Trentino,3,1,4
Andata_5,4,65,46,19,92,2,15,0.5,-0.14,80,6,37,30,37.5,0.3,96,7,11,55,57.3,0.5,8,2,Diatec Trentino,1,0,4
Andata_6,4,61,39,22,92,8,16,2,-0.09,68,8,26,18,26.5,0.15,91,8,8,46,50.5,0.42,7,1.75,Diatec Trentino,3,1,5
Andata_7,4,80,62,18,109,3,24,0.75,-0.19,87,8,35,23,26.4,0.17,114,5,4,66,57.9,0.54,11,2.75,Diatec Trentino,3,1,6
Andata_8,3,58,34,24,77,3,20,1,-0.22,51,7,21,11,21.6,0.08,78,7,3,46,59,0.5,9,3,Diatec Trentino,3,1,7
Andata_9,3,54,33,21,73,6,14,2,-0.11,46,2,29,10,21.7,0.17,73,6,5,41,56.2,0.48,7,2.33,Diatec Trentino,3,1,8
Andata_10,4,61,39,22,97,6,18,1.5,-0.12,65,8,31,9,13.8,0.02,92,5,11,46,50,0.45,9,2.25,Diatec Trentino,3,1,9
Andata_11,5,64,41,23,92,5,20,1,-0.16,89,11,45,20,22.5,0.1,105,14,11,44,41.9,0.29,15,3,Diatec Trentino,2,0,9
Andata_12,5,78,48,30,102,6,22,1.2,-0.16,84,3,30,27,32.1,0.29,126,12,9,64,50.8,0.41,8,1.6,Diatec Trentino,3,1,10
Andata_13,5,77,48,29,113,6,16,1.2,-0.09,88,15,33,29,33,0.16,114,7,11,60,52.6,0.46,11,2.2,Diatec Trentino,3,1,11
Ritorno_1,5,69,44,25,98,6,16,1.2,-0.1,92,10,46,15,16.3,0.05,136,13,11,53,39,0.29,10,2,Diatec Trentino,2,0,11
Ritorno_2,4,78,49,29,96,10,25,2.5,-0.16,67,3,13,19,28.4,0.24,106,7,9,58,54.7,0.48,10,2.5,Diatec Trentino,3,1,12
Ritorno_3,4,65,32,33,92,7,19,1.75,-0.13,54,9,17,17,31.5,0.15,79,7,5,48,60.8,0.52,10,2.5,Diatec Trentino,3,1,13
Ritorno_4,3,56,35,21,73,4,15,1.33,-0.15,51,3,23,17,33.3,0.27,74,5,11,45,60.8,0.54,7,2.33,Diatec Trentino,3,1,14
Ritorno_5,3,59,39,20,73,5,16,1.67,-0.15,53,3,15,20,37.7,0.32,73,5,5,47,64.4,0.58,7,2.33,Diatec Trentino,3,1,15
Ritorno_6,3,36,28,8,61,1,18,0.33,-0.28,59,3,34,12,20.3,0.15,83,10,8,31,37.3,0.25,4,1.33,Diatec Trentino,0,0,15
Ritorno_7,3,49,31,18,74,4,19,1.33,-0.2,46,3,16,12,26.1,0.2,71,6,5,37,52.1,0.44,8,2.67,Diatec Trentino,3,1,16
Ritorno_8,3,48,27,21,73,6,15,2,-0.12,42,3,12,14,33.3,0.26,66,4,3,38,57.6,0.52,4,1.33,Diatec Trentino,3,1,17
Ritorno_9,3,62,34,28,83,7,17,2.33,-0.12,59,2,22,15,25.4,0.22,89,12,5,38,42.7,0.29,17,5.67,Diatec Trentino,3,1,18
Ritorno_10,3,29,21,8,51,1,13,0.33,-0.24,61,10,26,17,27.9,0.11,66,6,11,22,33.3,0.24,6,2,Diatec Trentino,0,0,18
Ritorno_11,3,51,25,26,75,7,9,2.33,-0.03,49,3,20,19,38.8,0.33,71,5,6,35,49.3,0.42,9,3,Diatec Trentino,3,1,19
Ritorno_12,3,52,33,19,73,4,13,1.33,-0.12,46,1,16,21,45.7,0.43,66,6,4,41,62.1,0.53,7,2.33,Diatec Trentino,3,1,20
Ritorno_13,3,50,28,22,73,7,11,2.33,-0.05,45,2,20,11,24.4,0.2,75,5,7,39,52,0.45,4,1.33,Diatec Trentino,3,1,21
Andata_1,3,59,34,25,74,4,10,1.33,-0.08,53,6,6,24,45.3,0.34,75,4,6,42,56,0.51,13,4.33,Calzedonia Verona,3,1,1
Andata_2,3,46,24,22,74,4,12,1.33,-0.11,42,3,24,14,33.3,0.26,71,4,4,35,49.3,0.44,7,2.33,Calzedonia Verona,3,1,2
Andata_3,5,80,51,29,107,10,19,2,-0.08,88,9,33,42,47.7,0.37,115,9,11,56,48.7,0.41,14,2.8,Calzedonia Verona,2,0,2
Andata_4,5,81,49,32,113,7,22,1.4,-0.13,90,14,47,15,16.7,0.01,130,8,7,61,46.9,0.41,13,2.6,Calzedonia Verona,3,1,3
Andata_5,4,67,44,23,90,6,19,1.5,-0.14,67,7,26,13,19.4,0.09,89,6,2,52,58.4,0.52,9,2.25,Calzedonia Verona,3,1,4
Andata_6,4,76,41,35,100,7,16,1.75,-0.09,71,6,37,19,26.8,0.18,107,4,7,57,53.3,0.5,12,3,Calzedonia Verona,3,1,5
Andata_7,3,51,27,24,74,3,12,1,-0.12,44,5,21,6,13.6,0.02,71,5,3,40,56.3,0.49,8,2.67,Calzedonia Verona,3,1,6
Andata_8,3,46,36,10,60,2,17,0.67,-0.25,65,12,28,16,24.6,0.06,79,7,5,39,49.4,0.41,5,1.67,Calzedonia Verona,0,0,6
Andata_9,3,35,26,9,59,2,13,0.67,-0.19,59,6,40,10,16.9,0.07,79,8,7,28,35.4,0.25,5,1.67,Calzedonia Verona,0,0,6
Andata_10,5,79,50,29,109,3,22,0.6,-0.17,90,10,51,16,17.8,0.07,129,5,10,64,49.6,0.46,12,2.4,Calzedonia Verona,2,0,6
Andata_11,3,36,25,11,54,2,13,0.67,-0.2,62,6,34,10,16.1,0.06,65,6,6,30,46.2,0.37,4,1.33,Calzedonia Verona,0,0,6
Andata_12,3,34,23,11,52,2,6,0.67,-0.08,60,6,39,9,15,0.05,76,7,10,27,35.5,0.26,5,1.67,Calzedonia Verona,0,0,6
Andata_13,3,66,35,31,73,5,14,1.67,-0.12,51,5,24,12,23.5,0.14,77,7,3,48,62.3,0.53,13,4.33,Calzedonia Verona,3,1,7
Ritorno_1,4,74,49,25,104,5,18,1.25,-0.12,86,3,45,25,29.1,0.26,133,9,13,60,45.1,0.38,9,2.25,Calzedonia Verona,3,1,8
Ritorno_2,3,52,36,16,71,5,12,1.67,-0.1,65,5,36,14,21.5,0.14,89,8,6,41,46.1,0.37,6,2,Calzedonia Verona,0,0,8
Ritorno_3,3,57,34,23,83,7,19,2.33,-0.14,54,5,29,16,29.6,0.2,75,5,8,42,56,0.49,8,2.67,Calzedonia Verona,3,1,9
Ritorno_4,3,55,35,20,73,1,11,0.33,-0.14,51,6,27,11,21.6,0.1,76,8,1,44,57.9,0.47,10,3.33,Calzedonia Verona,3,1,10
Ritorno_5,3,57,30,27,73,6,13,2,-0.1,46,3,28,13,28.3,0.22,67,5,7,39,58.2,0.51,12,4,Calzedonia Verona,3,1,11
Ritorno_6,4,67,38,29,93,5,15,1.25,-0.11,76,9,34,18,23.7,0.12,108,10,7,51,47.2,0.38,11,2.75,Calzedonia Verona,3,1,12
Ritorno_7,4,72,50,22,97,5,19,1.25,-0.14,74,3,43,18,24.3,0.2,101,7,7,58,57.4,0.5,9,2.25,Calzedonia Verona,3,1,13
Ritorno_8,3,50,29,21,74,3,12,1,-0.12,45,1,28,12,26.7,0.24,73,3,5,39,53.4,0.49,8,2.67,Calzedonia Verona,3,1,14
Ritorno_9,3,42,29,13,73,2,14,0.67,-0.16,66,7,38,7,10.6,NA,89,8,17,35,39.3,0.3,5,1.67,Calzedonia Verona,0,0,14
Ritorno_10,3,57,31,26,80,7,12,2.33,-0.06,59,4,29,10,16.9,0.1,82,9,7,39,47.6,0.37,11,3.67,Calzedonia Verona,3,1,15
Ritorno_11,5,62,37,25,96,6,19,1.2,-0.14,79,10,36,17,21.5,0.09,106,7,11,47,44.3,0.38,9,1.8,Calzedonia Verona,2,0,15
Ritorno_12,3,37,29,8,60,2,16,0.67,-0.23,61,6,29,15,24.6,0.15,74,9,5,33,44.6,0.32,2,0.67,Calzedonia Verona,0,0,15
Ritorno_13,3,58,32,26,73,6,11,2,-0.07,45,NA,29,5,11.1,0.11,68,2,4,44,64.7,0.62,8,2.67,Calzedonia Verona,3,1,16
Andata_1,3,41,26,15,69,4,14,1.33,-0.14,59,5,29,12,20.3,0.12,71,3,8,30,42.3,0.38,7,2.33,Tonno Callipo Calabria Vibo Valentia,0,0,0
Andata_2,3,45,35,10,62,2,14,0.67,-0.19,63,9,22,17,27,0.13,73,6,7,37,50.7,0.42,6,2,Tonno Callipo Calabria Vibo Valentia,0,0,0
Andata_3,4,65,40,25,95,4,14,1,-0.11,77,8,16,28,36.4,0.26,115,7,11,55,47.8,0.42,6,1.5,Tonno Callipo Calabria Vibo Valentia,1,0,0
Andata_4,5,82,48,34,107,10,13,2,-0.03,92,8,54,15,16.3,0.08,143,8,12,62,43.4,0.38,10,2,Tonno Callipo Calabria Vibo Valentia,3,1,1
Andata_5,5,64,44,20,93,3,13,0.6,-0.11,92,13,38,21,22.8,0.09,119,5,12,58,48.7,0.45,3,0.6,Tonno Callipo Calabria Vibo Valentia,2,0,1
Andata_6,3,38,24,14,63,5,9,1.67,-0.06,55,6,29,13,23.6,0.13,66,10,6,25,37.9,0.23,8,2.67,Tonno Callipo Calabria Vibo Valentia,0,0,1
Andata_7,3,38,27,11,60,3,13,1,-0.17,59,6,27,15,25.4,0.15,64,4,5,30,46.9,0.41,5,1.67,Tonno Callipo Calabria Vibo Valentia,0,0,1
Andata_8,4,67,35,32,98,10,14,2.5,-0.04,68,8,24,28,41.2,0.29,96,7,12,47,49,0.42,10,2.5,Tonno Callipo Calabria Vibo Valentia,3,1,2
Andata_9,4,72,47,25,97,5,16,1.25,-0.11,76,6,29,24,31.6,0.24,99,6,7,51,51.5,0.45,16,4,Tonno Callipo Calabria Vibo Valentia,3,1,3
Andata_10,5,76,49,27,107,6,17,1.2,-0.1,87,6,42,32,36.8,0.3,137,8,12,60,43.8,0.38,10,2,Tonno Callipo Calabria Vibo Valentia,3,1,4
Andata_11,5,73,53,20,105,3,13,0.6,-0.1,87,5,28,23,26.4,0.21,124,11,9,66,53.2,0.44,4,0.8,Tonno Callipo Calabria Vibo Valentia,2,0,4
Andata_12,4,64,41,23,100,6,20,1.5,-0.14,79,8,33,16,20.3,0.1,112,7,18,47,42,0.36,11,2.75,Tonno Callipo Calabria Vibo Valentia,3,1,5
Andata_13,5,77,57,20,109,3,14,0.6,-0.1,96,8,38,28,29.2,0.21,130,8,10,65,50,0.44,9,1.8,Tonno Callipo Calabria Vibo Valentia,2,0,5
Ritorno_1,5,72,42,30,104,6,12,1.2,-0.06,82,8,34,22,26.8,0.17,117,9,10,55,47,0.39,11,2.2,Tonno Callipo Calabria Vibo Valentia,3,1,6
Ritorno_2,4,59,42,17,75,6,15,1.5,-0.12,79,10,36,20,25.3,0.13,103,8,9,49,47.6,0.4,4,1,Tonno Callipo Calabria Vibo Valentia,1,0,6
Ritorno_3,3,58,31,27,77,10,7,3.33,0.04,64,6,33,19,29.7,0.2,86,6,10,38,44.2,0.37,10,3.33,Tonno Callipo Calabria Vibo Valentia,3,1,7
Ritorno_4,3,49,28,21,73,5,10,1.67,-0.07,46,3,21,11,23.9,0.17,75,7,4,39,52,0.43,5,1.67,Tonno Callipo Calabria Vibo Valentia,3,1,8
Ritorno_5,4,51,35,16,89,8,18,2,-0.11,79,4,41,17,21.5,0.16,111,8,11,34,30.6,0.23,9,2.25,Tonno Callipo Calabria Vibo Valentia,1,0,8
Ritorno_6,3,49,34,15,66,7,12,2.33,-0.08,61,5,23,18,29.5,0.21,80,5,6,36,45,0.39,6,2,Tonno Callipo Calabria Vibo Valentia,0,0,8
Ritorno_7,4,41,31,10,72,1,10,0.25,-0.12,75,7,36,21,28,0.19,84,5,7,35,41.7,0.36,5,1.25,Tonno Callipo Calabria Vibo Valentia,1,0,8
Ritorno_8,5,78,51,27,112,5,20,1,-0.13,94,16,30,29,30.9,0.14,124,10,13,58,46.8,0.39,15,3,Tonno Callipo Calabria Vibo Valentia,3,1,9
Ritorno_9,4,59,36,23,90,7,14,1.75,-0.08,78,3,37,29,37.2,0.33,113,11,9,46,40.7,0.31,6,1.5,Tonno Callipo Calabria Vibo Valentia,1,0,9
Ritorno_10,3,46,32,14,72,4,13,1.33,-0.12,68,8,20,22,32.4,0.21,85,8,11,35,41.2,0.32,7,2.33,Tonno Callipo Calabria Vibo Valentia,0,0,9
Ritorno_11,4,62,42,20,102,7,18,1.75,-0.11,79,9,37,21,26.6,0.15,95,2,11,49,51.6,0.49,6,1.5,Tonno Callipo Calabria Vibo Valentia,1,0,9
Ritorno_12,4,61,43,18,87,8,12,2,-0.05,79,8,31,19,24.1,0.14,108,9,10,44,40.7,0.32,9,2.25,Tonno Callipo Calabria Vibo Valentia,3,1,10
Ritorno_13,4,80,48,32,100,9,14,2.25,-0.05,88,3,41,30,34.1,0.31,121,9,14,62,51.2,0.44,9,2.25,Tonno Callipo Calabria Vibo Valentia,3,1,11
